name,email,username,password
Devansh,devanshthakkar584@gmail.com,DevanshT584,Dbt@582004
Atharva,atharva@gmail.com,Atio2525,Atio2525
Rahil,Rahil@gmail.com,Rahil2020,Rahil2020
Mittal,Mittal@gmail.com,Mittal,Mittal
